{"lr": 0.00997794446709763, "data_time": 0.002758288383483887, "loss": 0.07610616199672222, "decode.loss_ce": 0.05296178869903088, "decode.acc_seg": 76.2054443359375, "aux.loss_ce": 0.0231443727388978, "aux.acc_seg": 77.9937744140625, "time": 0.14069786071777343, "memory": 5948, "step": 100}
{"lr": 0.009955660594668054, "data_time": 0.002898836135864258, "loss": 0.06240686140954495, "decode.loss_ce": 0.043624598905444144, "decode.acc_seg": 80.1055908203125, "aux.loss_ce": 0.0187822625041008, "aux.acc_seg": 71.142578125, "time": 0.1398221254348755, "memory": 3774, "step": 200}
{"lr": 0.009933371122565919, "data_time": 0.002961087226867676, "loss": 0.0537738598883152, "decode.loss_ce": 0.037557247839868066, "decode.acc_seg": 90.032958984375, "aux.loss_ce": 0.016216612420976162, "aux.acc_seg": 86.004638671875, "time": 0.13830783367156982, "memory": 3774, "step": 300}
{"lr": 0.009911076035273796, "data_time": 0.0028028964996337892, "loss": 0.05299173966050148, "decode.loss_ce": 0.03652182836085558, "decode.acc_seg": 86.2762451171875, "aux.loss_ce": 0.016469910647720097, "aux.acc_seg": 80.7403564453125, "time": 0.13795504570007325, "memory": 3774, "step": 400}
{"aAcc": 59.91, "mIoU": 22.5, "mAcc": 30.31, "data_time": 0.0027608394622802733, "time": 0.41546220779418946, "step": 400}
{"lr": 0.0098887753171919, "data_time": 0.0025685310363769533, "loss": 0.053393461555242536, "decode.loss_ce": 0.036676859855651854, "decode.acc_seg": 70.86181640625, "aux.loss_ce": 0.016716601420193912, "aux.acc_seg": 69.6014404296875, "time": 0.1386194944381714, "memory": 5198, "step": 500}
{"lr": 0.009866468952637547, "data_time": 0.0028666019439697265, "loss": 0.055273098312318324, "decode.loss_ce": 0.039074465073645114, "decode.acc_seg": 81.70166015625, "aux.loss_ce": 0.016198632679879664, "aux.acc_seg": 80.3680419921875, "time": 0.13832767009735109, "memory": 3774, "step": 600}
{"lr": 0.009844156925844432, "data_time": 0.0028452634811401366, "loss": 0.053150277584791183, "decode.loss_ce": 0.03708682730793953, "decode.acc_seg": 75.29296875, "aux.loss_ce": 0.016063450649380685, "aux.acc_seg": 73.0010986328125, "time": 0.13834137916564943, "memory": 3774, "step": 700}
{"lr": 0.009821839220962003, "data_time": 0.002652692794799805, "loss": 0.04493828751146793, "decode.loss_ce": 0.03137457575649023, "decode.acc_seg": 72.564697265625, "aux.loss_ce": 0.01356371184810996, "aux.acc_seg": 68.1060791015625, "time": 0.1390117883682251, "memory": 3774, "step": 800}
{"aAcc": 66.64, "mIoU": 31.1, "mAcc": 39.61, "data_time": 0.0011721372604370118, "time": 0.10504117012023925, "step": 800}
{"lr": 0.009799515822054777, "data_time": 0.0026108503341674806, "loss": 0.05649436302483082, "decode.loss_ce": 0.03974710926413536, "decode.acc_seg": 82.2052001953125, "aux.loss_ce": 0.016747253201901912, "aux.acc_seg": 82.965087890625, "time": 0.13898067474365233, "memory": 3774, "step": 900}
{"lr": 0.00977718671310168, "data_time": 0.0025859355926513674, "loss": 0.04707524552941322, "decode.loss_ce": 0.033323357719928025, "decode.acc_seg": 87.8692626953125, "aux.loss_ce": 0.01375188804231584, "aux.acc_seg": 86.2152099609375, "time": 0.1387943983078003, "memory": 3774, "step": 1000}
{"lr": 0.009754851877995354, "data_time": 0.002827167510986328, "loss": 0.051445105113089085, "decode.loss_ce": 0.03640135116875172, "decode.acc_seg": 83.0841064453125, "aux.loss_ce": 0.015043754177168012, "aux.acc_seg": 81.6925048828125, "time": 0.1388338327407837, "memory": 3774, "step": 1100}
{"lr": 0.009732511300541468, "data_time": 0.0026761293411254883, "loss": 0.037188995815813544, "decode.loss_ce": 0.025887085124850273, "decode.acc_seg": 88.0340576171875, "aux.loss_ce": 0.01130191059783101, "aux.acc_seg": 86.2396240234375, "time": 0.1387772798538208, "memory": 3774, "step": 1200}
{"aAcc": 65.19, "mIoU": 28.16, "mAcc": 35.35, "data_time": 0.0012490987777709962, "time": 0.10523819923400879, "step": 1200}
{"lr": 0.009710164964458045, "data_time": 0.002904534339904785, "loss": 0.040896058455109595, "decode.loss_ce": 0.028974458575248718, "decode.acc_seg": 90.9576416015625, "aux.loss_ce": 0.011921599507331848, "aux.acc_seg": 90.1947021484375, "time": 0.14592559337615968, "memory": 3774, "step": 1300}
{"lr": 0.009687812853374727, "data_time": 0.0031496286392211914, "loss": 0.04430331103503704, "decode.loss_ce": 0.03125862702727318, "decode.acc_seg": 82.305908203125, "aux.loss_ce": 0.01304468377493322, "aux.acc_seg": 86.38916015625, "time": 0.13907332420349122, "memory": 3774, "step": 1400}
{"lr": 0.009665454950832103, "data_time": 0.00264585018157959, "loss": 0.042769340239465235, "decode.loss_ce": 0.030628311075270177, "decode.acc_seg": 78.9031982421875, "aux.loss_ce": 0.012141029210761189, "aux.acc_seg": 82.7911376953125, "time": 0.13849003314971925, "memory": 3774, "step": 1500}
{"lr": 0.009643091240280942, "data_time": 0.002439451217651367, "loss": 0.03615260608494282, "decode.loss_ce": 0.02529134787619114, "decode.acc_seg": 81.292724609375, "aux.loss_ce": 0.01086125848814845, "aux.acc_seg": 79.833984375, "time": 0.13832175731658936, "memory": 3774, "step": 1600}
{"aAcc": 76.1, "mIoU": 40.95, "mAcc": 48.28, "data_time": 0.0012244462966918945, "time": 0.10478627681732178, "step": 1600}
{"lr": 0.009620721705081534, "data_time": 0.0027131557464599608, "loss": 0.04535474050790071, "decode.loss_ce": 0.03147824732586742, "decode.acc_seg": 88.5498046875, "aux.loss_ce": 0.013876492576673626, "aux.acc_seg": 88.19580078125, "time": 0.13861281871795655, "memory": 3774, "step": 1700}
{"lr": 0.009598346328502901, "data_time": 0.0026857137680053713, "loss": 0.03991154041141272, "decode.loss_ce": 0.028526720218360425, "decode.acc_seg": 85.85205078125, "aux.loss_ce": 0.011384819773957134, "aux.acc_seg": 85.101318359375, "time": 0.13861255645751952, "memory": 3774, "step": 1800}
{"lr": 0.009575965093722064, "data_time": 0.0029725551605224608, "loss": 0.0405613049864769, "decode.loss_ce": 0.02799923662096262, "decode.acc_seg": 85.711669921875, "aux.loss_ce": 0.01256206794641912, "aux.acc_seg": 85.1898193359375, "time": 0.1390439748764038, "memory": 3774, "step": 1900}
{"lr": 0.009553577983823325, "data_time": 0.0029537439346313476, "loss": 0.04073662012815475, "decode.loss_ce": 0.028868542052805424, "decode.acc_seg": 80.0933837890625, "aux.loss_ce": 0.011868078541010619, "aux.acc_seg": 84.014892578125, "time": 0.13917188644409179, "memory": 3774, "step": 2000}
{"aAcc": 69.18, "mIoU": 33.01, "mAcc": 39.98, "data_time": 0.0011682510375976562, "time": 0.10478098392486572, "step": 2000}
{"lr": 0.0095311849817975, "data_time": 0.002795839309692383, "loss": 0.03705392107367515, "decode.loss_ce": 0.026120238285511733, "decode.acc_seg": 91.815185546875, "aux.loss_ce": 0.01093368292786181, "aux.acc_seg": 91.961669921875, "time": 0.13878216743469238, "memory": 3774, "step": 2100}
{"lr": 0.009508786070541123, "data_time": 0.002800130844116211, "loss": 0.03977586552500725, "decode.loss_ce": 0.028080132603645325, "decode.acc_seg": 72.4456787109375, "aux.loss_ce": 0.011695732921361923, "aux.acc_seg": 72.235107421875, "time": 0.13895277976989745, "memory": 3774, "step": 2200}
{"lr": 0.009486381232855704, "data_time": 0.0029275178909301757, "loss": 0.04193905368447304, "decode.loss_ce": 0.02979742782190442, "decode.acc_seg": 80.9051513671875, "aux.loss_ce": 0.012141625443473459, "aux.acc_seg": 82.5714111328125, "time": 0.1429821252822876, "memory": 3774, "step": 2300}
{"lr": 0.009463970451446941, "data_time": 0.002617645263671875, "loss": 0.030744227394461632, "decode.loss_ce": 0.02105813231319189, "decode.acc_seg": 89.9505615234375, "aux.loss_ce": 0.009686095407232642, "aux.acc_seg": 90.0177001953125, "time": 0.13891408443450928, "memory": 3774, "step": 2400}
{"aAcc": 77.07, "mIoU": 41.64, "mAcc": 47.64, "data_time": 0.0013229846954345703, "time": 0.10564627647399902, "step": 2400}
{"lr": 0.009441553708923918, "data_time": 0.00315396785736084, "loss": 0.03826183192431927, "decode.loss_ce": 0.02646115832030773, "decode.acc_seg": 87.0269775390625,